Workbook

Sheet Transcodifica
A1: TABELLA DI TRANSCODIFICA — ITEM WBS → VOCE CONTRATTUALE · COMMESSA 2514RW
A2: Si costruisce UNA volta a setup con amministrazione GILI; si modifica solo per varianti approvate. Chiave primaria: Codice WBS.
A4: CODICE WBS (2514RW.WP.PP.ZZ.III) | B4: DESCRIZIONE ITEM | C4: WP | D4: ZONA / PIANO | E4: CODICE VOCE COMPUTO | F4: DESCRIZIONE VOCE | G4: UM VOCE | H4: TIPO VOCE | I4: QTÀ VOCE PER ITEM COMPLETO | J4: NOTE
A5: 2514RW.02.03.CR.015 | B5: (ESEMPIO) Boiserie corridoio P+3 tratto est | C5: WP2 CORRIDOI | D5: P+3 / CR | E5: V-BOI-02 | F5: Boiserie in essenza come da capitolato | G5: mq | H5: A misura | I5: 12.5 | J5: un item = 12,5 mq della voce

Sheet Import InSite
A1: IMPORT AVANZAMENTO INSITE — CUTOFF SAL N
A2: Incollare l'export/riepilogo liste al cutoff nelle colonne A–H. Le colonne I–N si calcolano da sole. Righe NON MAPPATO: completare la Transcodifica prima di procedere.
A4: CODICE WBS | B4: DESCRIZIONE | C4: WP | D4: ZONA / PIANO | E4: STATO LISTA | F4: % AVANZ. (SE PARZIALE) | G4: DATA AGGIORNAMENTO | H4: RIF. DOC (ID LISTA / FOTO) | I4: VOCE COMPUTO | J4: UM | K4: TIPO VOCE | L4: QTÀ VOCE/ITEM | M4: FATTORE STATO | N4: QTÀ EQUIVALENTE PERIODO PROGR.
I5: =IF($A5="","",IFERROR(VLOOKUP($A5,Transcodifica!$A$5:$J$400,5,FALSE()),"NON MAPPATO")) | J5: =IF($A5="","",IFERROR(VLOOKUP($A5,Transcodifica!$A$5:$J$400,7,FALSE()),"")) | K5: =IF($A5="","",IFERROR(VLOOKUP($A5,Transcodifica!$A$5:$J$400,8,FALSE()),"")) | L5: =IF($A5="","",IFERROR(VLOOKUP($A5,Transcodifica!$A$5:$J$400,9,FALSE()),"")) | M5: =IF($A5="","",IF($E5="APPROVATO",1,IF($E5="In svolgimento",IF($F5="",0,$F5),0))) | N5: =IF(OR($A5="",$I5="NON MAPPATO",$I5=""),"",$L5*$M5)
I6: =IF($A6="","",IFERROR(VLOOKUP($A6,Transcodifica!$A$5:$J$400,5,FALSE()),"NON MAPPATO")) | J6: =IF($A6="","",IFERROR(VLOOKUP($A6,Transcodifica!$A$5:$J$400,7,FALSE()),"")) | K6: =IF($A6="","",IFERROR(VLOOKUP($A6,Transcodifica!$A$5:$J$400,8,FALSE()),"")) | L6: =IF($A6="","",IFERROR(VLOOKUP($A6,Transcodifica!$A$5:$J$400,9,FALSE()),"")) | M6: =IF($A6="","",IF($E6="APPROVATO",1,IF($E6="In svolgimento",IF($F6="",0,$F6),0))) | N6: =IF(OR($A6="",$I6="NON MAPPATO",$I6=""),"",$L6*$M6)
I7: =IF($A7="","",IFERROR(VLOOKUP($A7,Transcodifica!$A$5:$J$400,5,FALSE()),"NON MAPPATO")) | J7: =IF($A7="","",IFERROR(VLOOKUP($A7,Transcodifica!$A$5:$J$400,7,FALSE()),"")) | K7: =IF($A7="","",IFERROR(VLOOKUP($A7,Transcodifica!$A$5:$J$400,8,FALSE()),"")) | L7: =IF($A7="","",IFERROR(VLOOKUP($A7,Transcodifica!$A$5:$J$400,9,FALSE()),"")) | M7: =IF($A7="","",IF($E7="APPROVATO",1,IF($E7="In svolgimento",IF($F7="",0,$F7),0))) | N7: =IF(OR($A7="",$I7="NON MAPPATO",$I7=""),"",$L7*$M7)
I8: =IF($A8="","",IFERROR(VLOOKUP($A8,Transcodifica!$A$5:$J$400,5,FALSE()),"NON MAPPATO")) | J8: =IF($A8="","",IFERROR(VLOOKUP($A8,Transcodifica!$A$5:$J$400,7,FALSE()),"")) | K8: =IF($A8="","",IFERROR(VLOOKUP($A8,Transcodifica!$A$5:$J$400,8,FALSE()),"")) | L8: =IF($A8="","",IFERROR(VLOOKUP($A8,Transcodifica!$A$5:$J$400,9,FALSE()),"")) | M8: =IF($A8="","",IF($E8="APPROVATO",1,IF($E8="In svolgimento",IF($F8="",0,$F8),0))) | N8: =IF(OR($A8="",$I8="NON MAPPATO",$I8=""),"",$L8*$M8)
I9: =IF($A9="","",IFERROR(VLOOKUP($A9,Transcodifica!$A$5:$J$400,5,FALSE()),"NON MAPPATO")) | J9: =IF($A9="","",IFERROR(VLOOKUP($A9,Transcodifica!$A$5:$J$400,7,FALSE()),"")) | K9: =IF($A9="","",IFERROR(VLOOKUP($A9,Transcodifica!$A$5:$J$400,8,FALSE()),"")) | L9: =IF($A9="","",IFERROR(VLOOKUP($A9,Transcodifica!$A$5:$J$400,9,FALSE()),"")) | M9: =IF($A9="","",IF($E9="APPROVATO",1,IF($E9="In svolgimento",IF($F9="",0,$F9),0))) | N9: =IF(OR($A9="",$I9="NON MAPPATO",$I9=""),"",$L9*$M9)
I10: =IF($A10="","",IFERROR(VLOOKUP($A10,Transcodifica!$A$5:$J$400,5,FALSE()),"NON MAPPATO")) | J10: =IF($A10="","",IFERROR(VLOOKUP($A10,Transcodifica!$A$5:$J$400,7,FALSE()),"")) | K10: =IF($A10="","",IFERROR(VLOOKUP($A10,Transcodifica!$A$5:$J$400,8,FALSE()),"")) | L10: =IF($A10="","",IFERROR(VLOOKUP($A10,Transcodifica!$A$5:$J$400,9,FALSE()),"")) | M10: =IF($A10="","",IF($E10="APPROVATO",1,IF($E10="In svolgimento",IF($F10="",0,$F10),0))) | N10: =IF(OR($A10="",$I10="NON MAPPATO",$I10=""),"",$L10*$M10)
I11: =IF($A11="","",IFERROR(VLOOKUP($A11,Transcodifica!$A$5:$J$400,5,FALSE()),"NON MAPPATO")) | J11: =IF($A11="","",IFERROR(VLOOKUP($A11,Transcodifica!$A$5:$J$400,7,FALSE()),"")) | K11: =IF($A11="","",IFERROR(VLOOKUP($A11,Transcodifica!$A$5:$J$400,8,FALSE()),"")) | L11: =IF($A11="","",IFERROR(VLOOKUP($A11,Transcodifica!$A$5:$J$400,9,FALSE()),"")) | M11: =IF($A11="","",IF($E11="APPROVATO",1,IF($E11="In svolgimento",IF($F11="",0,$F11),0))) | N11: =IF(OR($A11="",$I11="NON MAPPATO",$I11=""),"",$L11*$M11)
I12: =IF($A12="","",IFERROR(VLOOKUP($A12,Transcodifica!$A$5:$J$400,5,FALSE()),"NON MAPPATO")) | J12: =IF($A12="","",IFERROR(VLOOKUP($A12,Transcodifica!$A$5:$J$400,7,FALSE()),"")) | K12: =IF($A12="","",IFERROR(VLOOKUP($A12,Transcodifica!$A$5:$J$400,8,FALSE()),"")) | L12: =IF($A12="","",IFERROR(VLOOKUP($A12,Transcodifica!$A$5:$J$400,9,FALSE()),"")) | M12: =IF($A12="","",IF($E12="APPROVATO",1,IF($E12="In svolgimento",IF($F12="",0,$F12),0))) | N12: =IF(OR($A12="",$I12="NON MAPPATO",$I12=""),"",$L12*$M12)
I13: =IF($A13="","",IFERROR(VLOOKUP($A13,Transcodifica!$A$5:$J$400,5,FALSE()),"NON MAPPATO")) | J13: =IF($A13="","",IFERROR(VLOOKUP($A13,Transcodifica!$A$5:$J$400,7,FALSE()),"")) | K13: =IF($A13="","",IFERROR(VLOOKUP($A13,Transcodifica!$A$5:$J$400,8,FALSE()),"")) | L13: =IF($A13="","",IFERROR(VLOOKUP($A13,Transcodifica!$A$5:$J$400,9,FALSE()),"")) | M13: =IF($A13="","",IF($E13="APPROVATO",1,IF($E13="In svolgimento",IF($F13="",0,$F13),0))) | N13: =IF(OR($A13="",$I13="NON MAPPATO",$I13=""),"",$L13*$M13)
I14: =IF($A14="","",IFERROR(VLOOKUP($A14,Transcodifica!$A$5:$J$400,5,FALSE()),"NON MAPPATO")) | J14: =IF($A14="","",IFERROR(VLOOKUP($A14,Transcodifica!$A$5:$J$400,7,FALSE()),"")) | K14: =IF($A14="","",IFERROR(VLOOKUP($A14,Transcodifica!$A$5:$J$400,8,FALSE()),"")) | L14: =IF($A14="","",IFERROR(VLOOKUP($A14,Transcodifica!$A$5:$J$400,9,FALSE()),"")) | M14: =IF($A14="","",IF($E14="APPROVATO",1,IF($E14="In svolgimento",IF($F14="",0,$F14),0))) | N14: =IF(OR($A14="",$I14="NON MAPPATO",$I14=""),"",$L14*$M14)
I15: =IF($A15="","",IFERROR(VLOOKUP($A15,Transcodifica!$A$5:$J$400,5,FALSE()),"NON MAPPATO")) | J15: =IF($A15="","",IFERROR(VLOOKUP($A15,Transcodifica!$A$5:$J$400,7,FALSE()),"")) | K15: =IF($A15="","",IFERROR(VLOOKUP($A15,Transcodifica!$A$5:$J$400,8,FALSE()),"")) | L15: =IF($A15="","",IFERROR(VLOOKUP($A15,Transcodifica!$A$5:$J$400,9,FALSE()),"")) | M15: =IF($A15="","",IF($E15="APPROVATO",1,IF($E15="In svolgimento",IF($F15="",0,$F15),0))) | N15: =IF(OR($A15="",$I15="NON MAPPATO",$I15=""),"",$L15*$M15)
I16: =IF($A16="","",IFERROR(VLOOKUP($A16,Transcodifica!$A$5:$J$400,5,FALSE()),"NON MAPPATO")) | J16: =IF($A16="","",IFERROR(VLOOKUP($A16,Transcodifica!$A$5:$J$400,7,FALSE()),"")) | K16: =IF($A16="","",IFERROR(VLOOKUP($A16,Transcodifica!$A$5:$J$400,8,FALSE()),"")) | L16: =IF($A16="","",IFERROR(VLOOKUP($A16,Transcodifica!$A$5:$J$400,9,FALSE()),"")) | M16: =IF($A16="","",IF($E16="APPROVATO",1,IF($E16="In svolgimento",IF($F16="",0,$F16),0))) | N16: =IF(OR($A16="",$I16="NON MAPPATO",$I16=""),"",$L16*$M16)
... I600: =IF($A600="","",IFERROR(VLOOKUP($A600,Transcodifica!$A$5:$J$400,5,FALSE()),"NON MAPPATO")) | J600: =IF($A600="","",IFERROR(VLOOKUP($A600,Transcodifica!$A$5:$J$400,7,FALSE()),"")) | K600: =IF($A600="","",IFERROR(VLOOKUP($A600,Transcodifica!$A$5:$J$400,8,FALSE()),"")) | L600: =IF($A600="","",IFERROR(VLOOKUP($A600,Transcodifica!$A$5:$J$400,9,FALSE()),"")) | M600: =IF($A600="","",IF($E600="APPROVATO",1,IF($E600="In svolgimento",IF($F600="",0,$F600),0))) | N600: =IF(OR($A600="",$I600="NON MAPPATO",$I600=""),"",$L600*$M600)

Sheet Riepilogo per voce
A1: QUANTITÀ PROGRESSIVE PER VOCE CONTRATTUALE — DA TRAVASARE NEL FOGLIO SAL AMMINISTRAZIONE
A2: Elencare le voci del computo in colonna A: la quantità progressiva si aggrega da sola dall'Import. Voci a corpo: la quantità equivale alla quota di avanzamento cumulata.
A4: CODICE VOCE COMPUTO | B4: DESCRIZIONE VOCE | C4: UM | D4: QTÀ PROGRESSIVA DA INSITE | E4: N. ITEM CONTEGGIATI | F4: N. ITEM CONTESI (ESCLUSI) | G4: NOTE
D5: =IF($A5="","",SUMIFS('Import InSite'!$N$5:$N$600,'Import InSite'!$I$5:$I$600,$A5)) | E5: =IF($A5="","",COUNTIFS('Import InSite'!$I$5:$I$600,$A5)) | F5: =IF($A5="","",COUNTIFS('Import InSite'!$I$5:$I$600,$A5,'Import InSite'!$E$5:$E$600,"Conteso"))
D6: =IF($A6="","",SUMIFS('Import InSite'!$N$5:$N$600,'Import InSite'!$I$5:$I$600,$A6)) | E6: =IF($A6="","",COUNTIFS('Import InSite'!$I$5:$I$600,$A6)) | F6: =IF($A6="","",COUNTIFS('Import InSite'!$I$5:$I$600,$A6,'Import InSite'!$E$5:$E$600,"Conteso"))
D7: =IF($A7="","",SUMIFS('Import InSite'!$N$5:$N$600,'Import InSite'!$I$5:$I$600,$A7)) | E7: =IF($A7="","",COUNTIFS('Import InSite'!$I$5:$I$600,$A7)) | F7: =IF($A7="","",COUNTIFS('Import InSite'!$I$5:$I$600,$A7,'Import InSite'!$E$5:$E$600,"Conteso"))
D8: =IF($A8="","",SUMIFS('Import InSite'!$N$5:$N$600,'Import InSite'!$I$5:$I$600,$A8)) | E8: =IF($A8="","",COUNTIFS('Import InSite'!$I$5:$I$600,$A8)) | F8: =IF($A8="","",COUNTIFS('Import InSite'!$I$5:$I$600,$A8,'Import InSite'!$E$5:$E$600,"Conteso"))
D9: =IF($A9="","",SUMIFS('Import InSite'!$N$5:$N$600,'Import InSite'!$I$5:$I$600,$A9)) | E9: =IF($A9="","",COUNTIFS('Import InSite'!$I$5:$I$600,$A9)) | F9: =IF($A9="","",COUNTIFS('Import InSite'!$I$5:$I$600,$A9,'Import InSite'!$E$5:$E$600,"Conteso"))
D10: =IF($A10="","",SUMIFS('Import InSite'!$N$5:$N$600,'Import InSite'!$I$5:$I$600,$A10)) | E10: =IF($A10="","",COUNTIFS('Import InSite'!$I$5:$I$600,$A10)) | F10: =IF($A10="","",COUNTIFS('Import InSite'!$I$5:$I$600,$A10,'Import InSite'!$E$5:$E$600,"Conteso"))
D11: =IF($A11="","",SUMIFS('Import InSite'!$N$5:$N$600,'Import InSite'!$I$5:$I$600,$A11)) | E11: =IF($A11="","",COUNTIFS('Import InSite'!$I$5:$I$600,$A11)) | F11: =IF($A11="","",COUNTIFS('Import InSite'!$I$5:$I$600,$A11,'Import InSite'!$E$5:$E$600,"Conteso"))
D12: =IF($A12="","",SUMIFS('Import InSite'!$N$5:$N$600,'Import InSite'!$I$5:$I$600,$A12)) | E12: =IF($A12="","",COUNTIFS('Import InSite'!$I$5:$I$600,$A12)) | F12: =IF($A12="","",COUNTIFS('Import InSite'!$I$5:$I$600,$A12,'Import InSite'!$E$5:$E$600,"Conteso"))
D13: =IF($A13="","",SUMIFS('Import InSite'!$N$5:$N$600,'Import InSite'!$I$5:$I$600,$A13)) | E13: =IF($A13="","",COUNTIFS('Import InSite'!$I$5:$I$600,$A13)) | F13: =IF($A13="","",COUNTIFS('Import InSite'!$I$5:$I$600,$A13,'Import InSite'!$E$5:$E$600,"Conteso"))
D14: =IF($A14="","",SUMIFS('Import InSite'!$N$5:$N$600,'Import InSite'!$I$5:$I$600,$A14)) | E14: =IF($A14="","",COUNTIFS('Import InSite'!$I$5:$I$600,$A14)) | F14: =IF($A14="","",COUNTIFS('Import InSite'!$I$5:$I$600,$A14,'Import InSite'!$E$5:$E$600,"Conteso"))
D15: =IF($A15="","",SUMIFS('Import InSite'!$N$5:$N$600,'Import InSite'!$I$5:$I$600,$A15)) | E15: =IF($A15="","",COUNTIFS('Import InSite'!$I$5:$I$600,$A15)) | F15: =IF($A15="","",COUNTIFS('Import InSite'!$I$5:$I$600,$A15,'Import InSite'!$E$5:$E$600,"Conteso"))
D16: =IF($A16="","",SUMIFS('Import InSite'!$N$5:$N$600,'Import InSite'!$I$5:$I$600,$A16)) | E16: =IF($A16="","",COUNTIFS('Import InSite'!$I$5:$I$600,$A16)) | F16: =IF($A16="","",COUNTIFS('Import InSite'!$I$5:$I$600,$A16,'Import InSite'!$E$5:$E$600,"Conteso"))
... D200: =IF($A200="","",SUMIFS('Import InSite'!$N$5:$N$600,'Import InSite'!$I$5:$I$600,$A200)) | E200: =IF($A200="","",COUNTIFS('Import InSite'!$I$5:$I$600,$A200)) | F200: =IF($A200="","",COUNTIFS('Import InSite'!$I$5:$I$600,$A200,'Import InSite'!$E$5:$E$600,"Conteso"))

Sheet Quadratura
B2: CONTROLLI DI QUADRATURA E RICONCILIAZIONE CONSEGNATO vs MONTATO
B4: Righe importate da InSite | E4: =COUNTA('Import InSite'!A5:A600) -> 0
B5: Righe NON MAPPATE (da risolvere prima del SAL) | E5: =COUNTIF('Import InSite'!I5:I600,"NON MAPPATO") -> 0
B6: Item in stato Conteso (esclusi dall'importo) | E6: =COUNTIF('Import InSite'!E5:E600,"Conteso") -> 0
B7: Item senza riferimento documentale (col. H vuota) | E7: =SUMPRODUCT(('Import InSite'!A5:A600<>"")*('Import InSite'!H5:H600="")) -> 0
B8: Regola: con NON MAPPATE > 0 o riferimenti mancanti > 0 il travaso al SAL non parte.
B10: RICONCILIAZIONE PER WP — CONSEGNATO vs MONTATO
B11: WP | C11: MONTATO PROGR. (QTÀ EQUIV. DA INSITE) | D11: CONSEGNATO PROGR. (DA BOLLE/FATTURE — INPUT AMM.) | E11: SCARTO A PIÈ D'OPERA
B12: WP1 FOH | C12: =SUMIFS('Import InSite'!$N$5:$N$600,'Import InSite'!$C$5:$C$600,B12) -> 0 | E12: =IF(D12="","",D12-C12)
B13: WP2 CORRIDOI | C13: =SUMIFS('Import InSite'!$N$5:$N$600,'Import InSite'!$C$5:$C$600,B13) -> 0 | E13: =IF(D13="","",D13-C13)
B14: WP3 SUITE | C14: =SUMIFS('Import InSite'!$N$5:$N$600,'Import InSite'!$C$5:$C$600,B14) -> 0 | E14: =IF(D14="","",D14-C14)
B15: WP4 SCALA B | C15: =SUMIFS('Import InSite'!$N$5:$N$600,'Import InSite'!$C$5:$C$600,B15) -> 0 | E15: =IF(D15="","",D15-C15)
B17: Nota: lo scarto positivo è fisiologico (materiale a piè d'opera in attesa di montaggio). Il SAL contabilizza il MONTATO; il consegnato-non-montato entra solo se il contratto riconosce l'approvvigionato, su righe separate.
